age,sex,bmi,smoker,region,children,charges
21,1,25.745,1,1,2,3279.86855
36.976978,0,25.74416485,0,0,3,21454.49424
18,1,30.03,1,0,1,1720.3537
37,1,30.67689127,1,1,3,6801.437542
58,1,32.01,1,0,1,11946.6259
46,1,26.62,1,0,1,7742.1098
25.22173065,1,31.19264736,1,1,4,21736.32814
29.48644271,0,24.22261415,1,2,2,4916.953065
26.52049427,1,25.06571227,1,3,5,5515.809345
47.49347612,0,27.30201322,1,2,3,17009.33499
35.69460731,1,33.57712776,0,3,2,38433.5243
45,0,26.91741127,1,1,2,8549.137155
36.42084212,1,31.80639454,1,1,4,16099.36762
44.32531031,0,26.93787533,1,3,1,7492.985451
22.34422463,1,27.04518479,1,1,4,18091.37381
46.697739,1,33.55485918,0,1,1,41501.65555
19.86085293,0,25.32350602,1,2,1,2661.191273
47,1,36.08,0,0,1,42211.1382
64,0,30.115,1,2,3,16455.70785
29,1,32.11,1,2,2,4433.9159
38,0,34.8,1,3,2,6571.544
47,0,24.1,1,3,1,26236.57997
32.22547032,0,37.24138856,1,1,3,6318.797873
28.63887904,1,28.23936325,1,3,5,5795.905627
63,0,32.2,0,3,2,47305.305
52,1,32.205,1,1,3,11488.31695
34.03884791,1,30.5584621,1,1,4,29101.75274
33.59785212,0,24.93879472,1,2,3,19305.1926
54,0,24.47429357,1,2,3,12479.52727
35.17896426,1,26.08142444,1,3,5,7730.763326
50,0,31.34042505,1,1,2,10118.06319
43.03959669,0,28.07358974,1,0,5,9579.155554
24,1,40.15,0,0,0,38126.2465
40.78535135,1,28.38898042,1,0,2,7168.903965
30.03118751,0,30.98089265,1,3,4,5482.29169
51,1,42.9,0,0,2,47462.894
41.29055884,1,30.49858433,1,0,5,9051.900035
38,0,27.6,1,3,0,5383.536
40.47050469,1,20.95426097,1,0,5,17352.42483
50.11072253,1,34.79730783,1,2,3,10480.89559
57,1,33.63,1,2,1,11945.1327
47,0,46.98649601,1,0,1,8083.178229
46,1,38.17,1,0,2,8347.1643
39.85185914,1,33.14905567,0,3,2,40018.22896
37,0,23.37,1,2,2,6686.4313
18,0,37.29,1,0,1,2219.4451
33,1,39.44729731,1,1,5,6662.138743
36.5858138,1,28.63432552,1,2,4,7076.892661
20.56790404,1,27.3718085,1,3,5,4790.311531
